product_image,product_id
"{http://placeimg.com/640/480/cats,http://placeimg.com/640/480/cats,http://placeimg.com/640/480/cats,http://placeimg.com/640/480/cats,http://placeimg.com/640/480/cats,http://placeimg.com/640/480/cats,http://placeimg.com/640/480/cats,http://placeimg.com/640/480/cats,http://placeimg.com/640/480/cats,http://placeimg.com/640/480/cats}",0
"{http://placeimg.com/640/480/cats,http://placeimg.com/640/480/cats,http://placeimg.com/640/480/cats,http://placeimg.com/640/480/cats,http://placeimg.com/640/480/cats,http://placeimg.com/640/480/cats,http://placeimg.com/640/480/cats,http://placeimg.com/640/480/cats,http://placeimg.com/640/480/cats,http://placeimg.com/640/480/cats}",1
"{http://placeimg.com/640/480/cats,http://placeimg.com/640/480/cats,http://placeimg.com/640/480/cats,http://placeimg.com/640/480/cats,http://placeimg.com/640/480/cats,http://placeimg.com/640/480/cats,http://placeimg.com/640/480/cats,http://placeimg.com/640/480/cats,http://placeimg.com/640/480/cats,http://placeimg.com/640/480/cats}",2
"{http://placeimg.com/640/480/cats,http://placeimg.com/640/480/cats,http://placeimg.com/640/480/cats,http://placeimg.com/640/480/cats,http://placeimg.com/640/480/cats,http://placeimg.com/640/480/cats,http://placeimg.com/640/480/cats,http://placeimg.com/640/480/cats,http://placeimg.com/640/480/cats,http://placeimg.com/640/480/cats}",3
"{http://placeimg.com/640/480/cats,http://placeimg.com/640/480/cats,http://placeimg.com/640/480/cats,http://placeimg.com/640/480/cats,http://placeimg.com/640/480/cats,http://placeimg.com/640/480/cats,http://placeimg.com/640/480/cats,http://placeimg.com/640/480/cats,http://placeimg.com/640/480/cats,http://placeimg.com/640/480/cats}",4
"{http://placeimg.com/640/480/cats,http://placeimg.com/640/480/cats,http://placeimg.com/640/480/cats,http://placeimg.com/640/480/cats,http://placeimg.com/640/480/cats,http://placeimg.com/640/480/cats,http://placeimg.com/640/480/cats,http://placeimg.com/640/480/cats,http://placeimg.com/640/480/cats,http://placeimg.com/640/480/cats}",5
"{http://placeimg.com/640/480/cats,http://placeimg.com/640/480/cats,http://placeimg.com/640/480/cats,http://placeimg.com/640/480/cats,http://placeimg.com/640/480/cats,http://placeimg.com/640/480/cats,http://placeimg.com/640/480/cats,http://placeimg.com/640/480/cats,http://placeimg.com/640/480/cats,http://placeimg.com/640/480/cats}",6
"{http://placeimg.com/640/480/cats,http://placeimg.com/640/480/cats,http://placeimg.com/640/480/cats,http://placeimg.com/640/480/cats,http://placeimg.com/640/480/cats,http://placeimg.com/640/480/cats,http://placeimg.com/640/480/cats,http://placeimg.com/640/480/cats,http://placeimg.com/640/480/cats,http://placeimg.com/640/480/cats}",7
"{http://placeimg.com/640/480/cats,http://placeimg.com/640/480/cats,http://placeimg.com/640/480/cats,http://placeimg.com/640/480/cats,http://placeimg.com/640/480/cats,http://placeimg.com/640/480/cats,http://placeimg.com/640/480/cats,http://placeimg.com/640/480/cats,http://placeimg.com/640/480/cats,http://placeimg.com/640/480/cats}",8
"{http://placeimg.com/640/480/cats,http://placeimg.com/640/480/cats,http://placeimg.com/640/480/cats,http://placeimg.com/640/480/cats,http://placeimg.com/640/480/cats,http://placeimg.com/640/480/cats,http://placeimg.com/640/480/cats,http://placeimg.com/640/480/cats,http://placeimg.com/640/480/cats,http://placeimg.com/640/480/cats}",9
"{http://placeimg.com/640/480/cats,http://placeimg.com/640/480/cats,http://placeimg.com/640/480/cats,http://placeimg.com/640/480/cats,http://placeimg.com/640/480/cats,http://placeimg.com/640/480/cats,http://placeimg.com/640/480/cats,http://placeimg.com/640/480/cats,http://placeimg.com/640/480/cats,http://placeimg.com/640/480/cats}",10
"{http://placeimg.com/640/480/cats,http://placeimg.com/640/480/cats,http://placeimg.com/640/480/cats,http://placeimg.com/640/480/cats,http://placeimg.com/640/480/cats,http://placeimg.com/640/480/cats,http://placeimg.com/640/480/cats,http://placeimg.com/640/480/cats,http://placeimg.com/640/480/cats,http://placeimg.com/640/480/cats}",11
"{http://placeimg.com/640/480/cats,http://placeimg.com/640/480/cats,http://placeimg.com/640/480/cats,http://placeimg.com/640/480/cats,http://placeimg.com/640/480/cats,http://placeimg.com/640/480/cats,http://placeimg.com/640/480/cats,http://placeimg.com/640/480/cats,http://placeimg.com/640/480/cats,http://placeimg.com/640/480/cats}",12
"{http://placeimg.com/640/480/cats,http://placeimg.com/640/480/cats,http://placeimg.com/640/480/cats,http://placeimg.com/640/480/cats,http://placeimg.com/640/480/cats,http://placeimg.com/640/480/cats,http://placeimg.com/640/480/cats,http://placeimg.com/640/480/cats,http://placeimg.com/640/480/cats,http://placeimg.com/640/480/cats}",13
"{http://placeimg.com/640/480/cats,http://placeimg.com/640/480/cats,http://placeimg.com/640/480/cats,http://placeimg.com/640/480/cats,http://placeimg.com/640/480/cats,http://placeimg.com/640/480/cats,http://placeimg.com/640/480/cats,http://placeimg.com/640/480/cats,http://placeimg.com/640/480/cats,http://placeimg.com/640/480/cats}",14
"{http://placeimg.com/640/480/cats,http://placeimg.com/640/480/cats,http://placeimg.com/640/480/cats,http://placeimg.com/640/480/cats,http://placeimg.com/640/480/cats,http://placeimg.com/640/480/cats,http://placeimg.com/640/480/cats,http://placeimg.com/640/480/cats,http://placeimg.com/640/480/cats,http://placeimg.com/640/480/cats}",15
"{http://placeimg.com/640/480/cats,http://placeimg.com/640/480/cats,http://placeimg.com/640/480/cats,http://placeimg.com/640/480/cats,http://placeimg.com/640/480/cats,http://placeimg.com/640/480/cats,http://placeimg.com/640/480/cats,http://placeimg.com/640/480/cats,http://placeimg.com/640/480/cats,http://placeimg.com/640/480/cats}",16
"{http://placeimg.com/640/480/cats,http://placeimg.com/640/480/cats,http://placeimg.com/640/480/cats,http://placeimg.com/640/480/cats,http://placeimg.com/640/480/cats,http://placeimg.com/640/480/cats,http://placeimg.com/640/480/cats,http://placeimg.com/640/480/cats,http://placeimg.com/640/480/cats,http://placeimg.com/640/480/cats}",17
"{http://placeimg.com/640/480/cats,http://placeimg.com/640/480/cats,http://placeimg.com/640/480/cats,http://placeimg.com/640/480/cats,http://placeimg.com/640/480/cats,http://placeimg.com/640/480/cats,http://placeimg.com/640/480/cats,http://placeimg.com/640/480/cats,http://placeimg.com/640/480/cats,http://placeimg.com/640/480/cats}",18
"{http://placeimg.com/640/480/cats,http://placeimg.com/640/480/cats,http://placeimg.com/640/480/cats,http://placeimg.com/640/480/cats,http://placeimg.com/640/480/cats,http://placeimg.com/640/480/cats,http://placeimg.com/640/480/cats,http://placeimg.com/640/480/cats,http://placeimg.com/640/480/cats,http://placeimg.com/640/480/cats}",19
"{http://placeimg.com/640/480/cats,http://placeimg.com/640/480/cats,http://placeimg.com/640/480/cats,http://placeimg.com/640/480/cats,http://placeimg.com/640/480/cats,http://placeimg.com/640/480/cats,http://placeimg.com/640/480/cats,http://placeimg.com/640/480/cats,http://placeimg.com/640/480/cats,http://placeimg.com/640/480/cats}",20
"{http://placeimg.com/640/480/cats,http://placeimg.com/640/480/cats,http://placeimg.com/640/480/cats,http://placeimg.com/640/480/cats,http://placeimg.com/640/480/cats,http://placeimg.com/640/480/cats,http://placeimg.com/640/480/cats,http://placeimg.com/640/480/cats,http://placeimg.com/640/480/cats,http://placeimg.com/640/480/cats}",21
"{http://placeimg.com/640/480/cats,http://placeimg.com/640/480/cats,http://placeimg.com/640/480/cats,http://placeimg.com/640/480/cats,http://placeimg.com/640/480/cats,http://placeimg.com/640/480/cats,http://placeimg.com/640/480/cats,http://placeimg.com/640/480/cats,http://placeimg.com/640/480/cats,http://placeimg.com/640/480/cats}",22
"{http://placeimg.com/640/480/cats,http://placeimg.com/640/480/cats,http://placeimg.com/640/480/cats,http://placeimg.com/640/480/cats,http://placeimg.com/640/480/cats,http://placeimg.com/640/480/cats,http://placeimg.com/640/480/cats,http://placeimg.com/640/480/cats,http://placeimg.com/640/480/cats,http://placeimg.com/640/480/cats}",23
"{http://placeimg.com/640/480/cats,http://placeimg.com/640/480/cats,http://placeimg.com/640/480/cats,http://placeimg.com/640/480/cats,http://placeimg.com/640/480/cats,http://placeimg.com/640/480/cats,http://placeimg.com/640/480/cats,http://placeimg.com/640/480/cats,http://placeimg.com/640/480/cats,http://placeimg.com/640/480/cats}",24
"{http://placeimg.com/640/480/cats,http://placeimg.com/640/480/cats,http://placeimg.com/640/480/cats,http://placeimg.com/640/480/cats,http://placeimg.com/640/480/cats,http://placeimg.com/640/480/cats,http://placeimg.com/640/480/cats,http://placeimg.com/640/480/cats,http://placeimg.com/640/480/cats,http://placeimg.com/640/480/cats}",25
"{http://placeimg.com/640/480/cats,http://placeimg.com/640/480/cats,http://placeimg.com/640/480/cats,http://placeimg.com/640/480/cats,http://placeimg.com/640/480/cats,http://placeimg.com/640/480/cats,http://placeimg.com/640/480/cats,http://placeimg.com/640/480/cats,http://placeimg.com/640/480/cats,http://placeimg.com/640/480/cats}",26
"{http://placeimg.com/640/480/cats,http://placeimg.com/640/480/cats,http://placeimg.com/640/480/cats,http://placeimg.com/640/480/cats,http://placeimg.com/640/480/cats,http://placeimg.com/640/480/cats,http://placeimg.com/640/480/cats,http://placeimg.com/640/480/cats,http://placeimg.com/640/480/cats,http://placeimg.com/640/480/cats}",27
"{http://placeimg.com/640/480/cats,http://placeimg.com/640/480/cats,http://placeimg.com/640/480/cats,http://placeimg.com/640/480/cats,http://placeimg.com/640/480/cats,http://placeimg.com/640/480/cats,http://placeimg.com/640/480/cats,http://placeimg.com/640/480/cats,http://placeimg.com/640/480/cats,http://placeimg.com/640/480/cats}",28
"{http://placeimg.com/640/480/cats,http://placeimg.com/640/480/cats,http://placeimg.com/640/480/cats,http://placeimg.com/640/480/cats,http://placeimg.com/640/480/cats,http://placeimg.com/640/480/cats,http://placeimg.com/640/480/cats,http://placeimg.com/640/480/cats,http://placeimg.com/640/480/cats,http://placeimg.com/640/480/cats}",29
"{http://placeimg.com/640/480/cats,http://placeimg.com/640/480/cats,http://placeimg.com/640/480/cats,http://placeimg.com/640/480/cats,http://placeimg.com/640/480/cats,http://placeimg.com/640/480/cats,http://placeimg.com/640/480/cats,http://placeimg.com/640/480/cats,http://placeimg.com/640/480/cats,http://placeimg.com/640/480/cats}",30
"{http://placeimg.com/640/480/cats,http://placeimg.com/640/480/cats,http://placeimg.com/640/480/cats,http://placeimg.com/640/480/cats,http://placeimg.com/640/480/cats,http://placeimg.com/640/480/cats,http://placeimg.com/640/480/cats,http://placeimg.com/640/480/cats,http://placeimg.com/640/480/cats,http://placeimg.com/640/480/cats}",31
"{http://placeimg.com/640/480/cats,http://placeimg.com/640/480/cats,http://placeimg.com/640/480/cats,http://placeimg.com/640/480/cats,http://placeimg.com/640/480/cats,http://placeimg.com/640/480/cats,http://placeimg.com/640/480/cats,http://placeimg.com/640/480/cats,http://placeimg.com/640/480/cats,http://placeimg.com/640/480/cats}",32
"{http://placeimg.com/640/480/cats,http://placeimg.com/640/480/cats,http://placeimg.com/640/480/cats,http://placeimg.com/640/480/cats,http://placeimg.com/640/480/cats,http://placeimg.com/640/480/cats,http://placeimg.com/640/480/cats,http://placeimg.com/640/480/cats,http://placeimg.com/640/480/cats,http://placeimg.com/640/480/cats}",33
"{http://placeimg.com/640/480/cats,http://placeimg.com/640/480/cats,http://placeimg.com/640/480/cats,http://placeimg.com/640/480/cats,http://placeimg.com/640/480/cats,http://placeimg.com/640/480/cats,http://placeimg.com/640/480/cats,http://placeimg.com/640/480/cats,http://placeimg.com/640/480/cats,http://placeimg.com/640/480/cats}",34
"{http://placeimg.com/640/480/cats,http://placeimg.com/640/480/cats,http://placeimg.com/640/480/cats,http://placeimg.com/640/480/cats,http://placeimg.com/640/480/cats,http://placeimg.com/640/480/cats,http://placeimg.com/640/480/cats,http://placeimg.com/640/480/cats,http://placeimg.com/640/480/cats,http://placeimg.com/640/480/cats}",35
"{http://placeimg.com/640/480/cats,http://placeimg.com/640/480/cats,http://placeimg.com/640/480/cats,http://placeimg.com/640/480/cats,http://placeimg.com/640/480/cats,http://placeimg.com/640/480/cats,http://placeimg.com/640/480/cats,http://placeimg.com/640/480/cats,http://placeimg.com/640/480/cats,http://placeimg.com/640/480/cats}",36
"{http://placeimg.com/640/480/cats,http://placeimg.com/640/480/cats,http://placeimg.com/640/480/cats,http://placeimg.com/640/480/cats,http://placeimg.com/640/480/cats,http://placeimg.com/640/480/cats,http://placeimg.com/640/480/cats,http://placeimg.com/640/480/cats,http://placeimg.com/640/480/cats,http://placeimg.com/640/480/cats}",37
"{http://placeimg.com/640/480/cats,http://placeimg.com/640/480/cats,http://placeimg.com/640/480/cats,http://placeimg.com/640/480/cats,http://placeimg.com/640/480/cats,http://placeimg.com/640/480/cats,http://placeimg.com/640/480/cats,http://placeimg.com/640/480/cats,http://placeimg.com/640/480/cats,http://placeimg.com/640/480/cats}",38
"{http://placeimg.com/640/480/cats,http://placeimg.com/640/480/cats,http://placeimg.com/640/480/cats,http://placeimg.com/640/480/cats,http://placeimg.com/640/480/cats,http://placeimg.com/640/480/cats,http://placeimg.com/640/480/cats,http://placeimg.com/640/480/cats,http://placeimg.com/640/480/cats,http://placeimg.com/640/480/cats}",39
"{http://placeimg.com/640/480/cats,http://placeimg.com/640/480/cats,http://placeimg.com/640/480/cats,http://placeimg.com/640/480/cats,http://placeimg.com/640/480/cats,http://placeimg.com/640/480/cats,http://placeimg.com/640/480/cats,http://placeimg.com/640/480/cats,http://placeimg.com/640/480/cats,http://placeimg.com/640/480/cats}",40
"{http://placeimg.com/640/480/cats,http://placeimg.com/640/480/cats,http://placeimg.com/640/480/cats,http://placeimg.com/640/480/cats,http://placeimg.com/640/480/cats,http://placeimg.com/640/480/cats,http://placeimg.com/640/480/cats,http://placeimg.com/640/480/cats,http://placeimg.com/640/480/cats,http://placeimg.com/640/480/cats}",41
"{http://placeimg.com/640/480/cats,http://placeimg.com/640/480/cats,http://placeimg.com/640/480/cats,http://placeimg.com/640/480/cats,http://placeimg.com/640/480/cats,http://placeimg.com/640/480/cats,http://placeimg.com/640/480/cats,http://placeimg.com/640/480/cats,http://placeimg.com/640/480/cats,http://placeimg.com/640/480/cats}",42
"{http://placeimg.com/640/480/cats,http://placeimg.com/640/480/cats,http://placeimg.com/640/480/cats,http://placeimg.com/640/480/cats,http://placeimg.com/640/480/cats,http://placeimg.com/640/480/cats,http://placeimg.com/640/480/cats,http://placeimg.com/640/480/cats,http://placeimg.com/640/480/cats,http://placeimg.com/640/480/cats}",43
"{http://placeimg.com/640/480/cats,http://placeimg.com/640/480/cats,http://placeimg.com/640/480/cats,http://placeimg.com/640/480/cats,http://placeimg.com/640/480/cats,http://placeimg.com/640/480/cats,http://placeimg.com/640/480/cats,http://placeimg.com/640/480/cats,http://placeimg.com/640/480/cats,http://placeimg.com/640/480/cats}",44
"{http://placeimg.com/640/480/cats,http://placeimg.com/640/480/cats,http://placeimg.com/640/480/cats,http://placeimg.com/640/480/cats,http://placeimg.com/640/480/cats,http://placeimg.com/640/480/cats,http://placeimg.com/640/480/cats,http://placeimg.com/640/480/cats,http://placeimg.com/640/480/cats,http://placeimg.com/640/480/cats}",45
"{http://placeimg.com/640/480/cats,http://placeimg.com/640/480/cats,http://placeimg.com/640/480/cats,http://placeimg.com/640/480/cats,http://placeimg.com/640/480/cats,http://placeimg.com/640/480/cats,http://placeimg.com/640/480/cats,http://placeimg.com/640/480/cats,http://placeimg.com/640/480/cats,http://placeimg.com/640/480/cats}",46
"{http://placeimg.com/640/480/cats,http://placeimg.com/640/480/cats,http://placeimg.com/640/480/cats,http://placeimg.com/640/480/cats,http://placeimg.com/640/480/cats,http://placeimg.com/640/480/cats,http://placeimg.com/640/480/cats,http://placeimg.com/640/480/cats,http://placeimg.com/640/480/cats,http://placeimg.com/640/480/cats}",47
"{http://placeimg.com/640/480/cats,http://placeimg.com/640/480/cats,http://placeimg.com/640/480/cats,http://placeimg.com/640/480/cats,http://placeimg.com/640/480/cats,http://placeimg.com/640/480/cats,http://placeimg.com/640/480/cats,http://placeimg.com/640/480/cats,http://placeimg.com/640/480/cats,http://placeimg.com/640/480/cats}",48
"{http://placeimg.com/640/480/cats,http://placeimg.com/640/480/cats,http://placeimg.com/640/480/cats,http://placeimg.com/640/480/cats,http://placeimg.com/640/480/cats,http://placeimg.com/640/480/cats,http://placeimg.com/640/480/cats,http://placeimg.com/640/480/cats,http://placeimg.com/640/480/cats,http://placeimg.com/640/480/cats}",49
"{http://placeimg.com/640/480/cats,http://placeimg.com/640/480/cats,http://placeimg.com/640/480/cats,http://placeimg.com/640/480/cats,http://placeimg.com/640/480/cats,http://placeimg.com/640/480/cats,http://placeimg.com/640/480/cats,http://placeimg.com/640/480/cats,http://placeimg.com/640/480/cats,http://placeimg.com/640/480/cats}",50
"{http://placeimg.com/640/480/cats,http://placeimg.com/640/480/cats,http://placeimg.com/640/480/cats,http://placeimg.com/640/480/cats,http://placeimg.com/640/480/cats,http://placeimg.com/640/480/cats,http://placeimg.com/640/480/cats,http://placeimg.com/640/480/cats,http://placeimg.com/640/480/cats,http://placeimg.com/640/480/cats}",51
"{http://placeimg.com/640/480/cats,http://placeimg.com/640/480/cats,http://placeimg.com/640/480/cats,http://placeimg.com/640/480/cats,http://placeimg.com/640/480/cats,http://placeimg.com/640/480/cats,http://placeimg.com/640/480/cats,http://placeimg.com/640/480/cats,http://placeimg.com/640/480/cats,http://placeimg.com/640/480/cats}",52
"{http://placeimg.com/640/480/cats,http://placeimg.com/640/480/cats,http://placeimg.com/640/480/cats,http://placeimg.com/640/480/cats,http://placeimg.com/640/480/cats,http://placeimg.com/640/480/cats,http://placeimg.com/640/480/cats,http://placeimg.com/640/480/cats,http://placeimg.com/640/480/cats,http://placeimg.com/640/480/cats}",53
"{http://placeimg.com/640/480/cats,http://placeimg.com/640/480/cats,http://placeimg.com/640/480/cats,http://placeimg.com/640/480/cats,http://placeimg.com/640/480/cats,http://placeimg.com/640/480/cats,http://placeimg.com/640/480/cats,http://placeimg.com/640/480/cats,http://placeimg.com/640/480/cats,http://placeimg.com/640/480/cats}",54
"{http://placeimg.com/640/480/cats,http://placeimg.com/640/480/cats,http://placeimg.com/640/480/cats,http://placeimg.com/640/480/cats,http://placeimg.com/640/480/cats,http://placeimg.com/640/480/cats,http://placeimg.com/640/480/cats,http://placeimg.com/640/480/cats,http://placeimg.com/640/480/cats,http://placeimg.com/640/480/cats}",55
"{http://placeimg.com/640/480/cats,http://placeimg.com/640/480/cats,http://placeimg.com/640/480/cats,http://placeimg.com/640/480/cats,http://placeimg.com/640/480/cats,http://placeimg.com/640/480/cats,http://placeimg.com/640/480/cats,http://placeimg.com/640/480/cats,http://placeimg.com/640/480/cats,http://placeimg.com/640/480/cats}",56
"{http://placeimg.com/640/480/cats,http://placeimg.com/640/480/cats,http://placeimg.com/640/480/cats,http://placeimg.com/640/480/cats,http://placeimg.com/640/480/cats,http://placeimg.com/640/480/cats,http://placeimg.com/640/480/cats,http://placeimg.com/640/480/cats,http://placeimg.com/640/480/cats,http://placeimg.com/640/480/cats}",57
"{http://placeimg.com/640/480/cats,http://placeimg.com/640/480/cats,http://placeimg.com/640/480/cats,http://placeimg.com/640/480/cats,http://placeimg.com/640/480/cats,http://placeimg.com/640/480/cats,http://placeimg.com/640/480/cats,http://placeimg.com/640/480/cats,http://placeimg.com/640/480/cats,http://placeimg.com/640/480/cats}",58
"{http://placeimg.com/640/480/cats,http://placeimg.com/640/480/cats,http://placeimg.com/640/480/cats,http://placeimg.com/640/480/cats,http://placeimg.com/640/480/cats,http://placeimg.com/640/480/cats,http://placeimg.com/640/480/cats,http://placeimg.com/640/480/cats,http://placeimg.com/640/480/cats,http://placeimg.com/640/480/cats}",59
"{http://placeimg.com/640/480/cats,http://placeimg.com/640/480/cats,http://placeimg.com/640/480/cats,http://placeimg.com/640/480/cats,http://placeimg.com/640/480/cats,http://placeimg.com/640/480/cats,http://placeimg.com/640/480/cats,http://placeimg.com/640/480/cats,http://placeimg.com/640/480/cats,http://placeimg.com/640/480/cats}",60
"{http://placeimg.com/640/480/cats,http://placeimg.com/640/480/cats,http://placeimg.com/640/480/cats,http://placeimg.com/640/480/cats,http://placeimg.com/640/480/cats,http://placeimg.com/640/480/cats,http://placeimg.com/640/480/cats,http://placeimg.com/640/480/cats,http://placeimg.com/640/480/cats,http://placeimg.com/640/480/cats}",61
"{http://placeimg.com/640/480/cats,http://placeimg.com/640/480/cats,http://placeimg.com/640/480/cats,http://placeimg.com/640/480/cats,http://placeimg.com/640/480/cats,http://placeimg.com/640/480/cats,http://placeimg.com/640/480/cats,http://placeimg.com/640/480/cats,http://placeimg.com/640/480/cats,http://placeimg.com/640/480/cats}",62
"{http://placeimg.com/640/480/cats,http://placeimg.com/640/480/cats,http://placeimg.com/640/480/cats,http://placeimg.com/640/480/cats,http://placeimg.com/640/480/cats,http://placeimg.com/640/480/cats,http://placeimg.com/640/480/cats,http://placeimg.com/640/480/cats,http://placeimg.com/640/480/cats,http://placeimg.com/640/480/cats}",63
"{http://placeimg.com/640/480/cats,http://placeimg.com/640/480/cats,http://placeimg.com/640/480/cats,http://placeimg.com/640/480/cats,http://placeimg.com/640/480/cats,http://placeimg.com/640/480/cats,http://placeimg.com/640/480/cats,http://placeimg.com/640/480/cats,http://placeimg.com/640/480/cats,http://placeimg.com/640/480/cats}",64
"{http://placeimg.com/640/480/cats,http://placeimg.com/640/480/cats,http://placeimg.com/640/480/cats,http://placeimg.com/640/480/cats,http://placeimg.com/640/480/cats,http://placeimg.com/640/480/cats,http://placeimg.com/640/480/cats,http://placeimg.com/640/480/cats,http://placeimg.com/640/480/cats,http://placeimg.com/640/480/cats}",65
"{http://placeimg.com/640/480/cats,http://placeimg.com/640/480/cats,http://placeimg.com/640/480/cats,http://placeimg.com/640/480/cats,http://placeimg.com/640/480/cats,http://placeimg.com/640/480/cats,http://placeimg.com/640/480/cats,http://placeimg.com/640/480/cats,http://placeimg.com/640/480/cats,http://placeimg.com/640/480/cats}",66
"{http://placeimg.com/640/480/cats,http://placeimg.com/640/480/cats,http://placeimg.com/640/480/cats,http://placeimg.com/640/480/cats,http://placeimg.com/640/480/cats,http://placeimg.com/640/480/cats,http://placeimg.com/640/480/cats,http://placeimg.com/640/480/cats,http://placeimg.com/640/480/cats,http://placeimg.com/640/480/cats}",67
"{http://placeimg.com/640/480/cats,http://placeimg.com/640/480/cats,http://placeimg.com/640/480/cats,http://placeimg.com/640/480/cats,http://placeimg.com/640/480/cats,http://placeimg.com/640/480/cats,http://placeimg.com/640/480/cats,http://placeimg.com/640/480/cats,http://placeimg.com/640/480/cats,http://placeimg.com/640/480/cats}",68
"{http://placeimg.com/640/480/cats,http://placeimg.com/640/480/cats,http://placeimg.com/640/480/cats,http://placeimg.com/640/480/cats,http://placeimg.com/640/480/cats,http://placeimg.com/640/480/cats,http://placeimg.com/640/480/cats,http://placeimg.com/640/480/cats,http://placeimg.com/640/480/cats,http://placeimg.com/640/480/cats}",69
"{http://placeimg.com/640/480/cats,http://placeimg.com/640/480/cats,http://placeimg.com/640/480/cats,http://placeimg.com/640/480/cats,http://placeimg.com/640/480/cats,http://placeimg.com/640/480/cats,http://placeimg.com/640/480/cats,http://placeimg.com/640/480/cats,http://placeimg.com/640/480/cats,http://placeimg.com/640/480/cats}",70
"{http://placeimg.com/640/480/cats,http://placeimg.com/640/480/cats,http://placeimg.com/640/480/cats,http://placeimg.com/640/480/cats,http://placeimg.com/640/480/cats,http://placeimg.com/640/480/cats,http://placeimg.com/640/480/cats,http://placeimg.com/640/480/cats,http://placeimg.com/640/480/cats,http://placeimg.com/640/480/cats}",71
"{http://placeimg.com/640/480/cats,http://placeimg.com/640/480/cats,http://placeimg.com/640/480/cats,http://placeimg.com/640/480/cats,http://placeimg.com/640/480/cats,http://placeimg.com/640/480/cats,http://placeimg.com/640/480/cats,http://placeimg.com/640/480/cats,http://placeimg.com/640/480/cats,http://placeimg.com/640/480/cats}",72
"{http://placeimg.com/640/480/cats,http://placeimg.com/640/480/cats,http://placeimg.com/640/480/cats,http://placeimg.com/640/480/cats,http://placeimg.com/640/480/cats,http://placeimg.com/640/480/cats,http://placeimg.com/640/480/cats,http://placeimg.com/640/480/cats,http://placeimg.com/640/480/cats,http://placeimg.com/640/480/cats}",73
"{http://placeimg.com/640/480/cats,http://placeimg.com/640/480/cats,http://placeimg.com/640/480/cats,http://placeimg.com/640/480/cats,http://placeimg.com/640/480/cats,http://placeimg.com/640/480/cats,http://placeimg.com/640/480/cats,http://placeimg.com/640/480/cats,http://placeimg.com/640/480/cats,http://placeimg.com/640/480/cats}",74
"{http://placeimg.com/640/480/cats,http://placeimg.com/640/480/cats,http://placeimg.com/640/480/cats,http://placeimg.com/640/480/cats,http://placeimg.com/640/480/cats,http://placeimg.com/640/480/cats,http://placeimg.com/640/480/cats,http://placeimg.com/640/480/cats,http://placeimg.com/640/480/cats,http://placeimg.com/640/480/cats}",75
"{http://placeimg.com/640/480/cats,http://placeimg.com/640/480/cats,http://placeimg.com/640/480/cats,http://placeimg.com/640/480/cats,http://placeimg.com/640/480/cats,http://placeimg.com/640/480/cats,http://placeimg.com/640/480/cats,http://placeimg.com/640/480/cats,http://placeimg.com/640/480/cats,http://placeimg.com/640/480/cats}",76
"{http://placeimg.com/640/480/cats,http://placeimg.com/640/480/cats,http://placeimg.com/640/480/cats,http://placeimg.com/640/480/cats,http://placeimg.com/640/480/cats,http://placeimg.com/640/480/cats,http://placeimg.com/640/480/cats,http://placeimg.com/640/480/cats,http://placeimg.com/640/480/cats,http://placeimg.com/640/480/cats}",77
"{http://placeimg.com/640/480/cats,http://placeimg.com/640/480/cats,http://placeimg.com/640/480/cats,http://placeimg.com/640/480/cats,http://placeimg.com/640/480/cats,http://placeimg.com/640/480/cats,http://placeimg.com/640/480/cats,http://placeimg.com/640/480/cats,http://placeimg.com/640/480/cats,http://placeimg.com/640/480/cats}",78
"{http://placeimg.com/640/480/cats,http://placeimg.com/640/480/cats,http://placeimg.com/640/480/cats,http://placeimg.com/640/480/cats,http://placeimg.com/640/480/cats,http://placeimg.com/640/480/cats,http://placeimg.com/640/480/cats,http://placeimg.com/640/480/cats,http://placeimg.com/640/480/cats,http://placeimg.com/640/480/cats}",79
"{http://placeimg.com/640/480/cats,http://placeimg.com/640/480/cats,http://placeimg.com/640/480/cats,http://placeimg.com/640/480/cats,http://placeimg.com/640/480/cats,http://placeimg.com/640/480/cats,http://placeimg.com/640/480/cats,http://placeimg.com/640/480/cats,http://placeimg.com/640/480/cats,http://placeimg.com/640/480/cats}",80
"{http://placeimg.com/640/480/cats,http://placeimg.com/640/480/cats,http://placeimg.com/640/480/cats,http://placeimg.com/640/480/cats,http://placeimg.com/640/480/cats,http://placeimg.com/640/480/cats,http://placeimg.com/640/480/cats,http://placeimg.com/640/480/cats,http://placeimg.com/640/480/cats,http://placeimg.com/640/480/cats}",81
"{http://placeimg.com/640/480/cats,http://placeimg.com/640/480/cats,http://placeimg.com/640/480/cats,http://placeimg.com/640/480/cats,http://placeimg.com/640/480/cats,http://placeimg.com/640/480/cats,http://placeimg.com/640/480/cats,http://placeimg.com/640/480/cats,http://placeimg.com/640/480/cats,http://placeimg.com/640/480/cats}",82
"{http://placeimg.com/640/480/cats,http://placeimg.com/640/480/cats,http://placeimg.com/640/480/cats,http://placeimg.com/640/480/cats,http://placeimg.com/640/480/cats,http://placeimg.com/640/480/cats,http://placeimg.com/640/480/cats,http://placeimg.com/640/480/cats,http://placeimg.com/640/480/cats,http://placeimg.com/640/480/cats}",83
"{http://placeimg.com/640/480/cats,http://placeimg.com/640/480/cats,http://placeimg.com/640/480/cats,http://placeimg.com/640/480/cats,http://placeimg.com/640/480/cats,http://placeimg.com/640/480/cats,http://placeimg.com/640/480/cats,http://placeimg.com/640/480/cats,http://placeimg.com/640/480/cats,http://placeimg.com/640/480/cats}",84
"{http://placeimg.com/640/480/cats,http://placeimg.com/640/480/cats,http://placeimg.com/640/480/cats,http://placeimg.com/640/480/cats,http://placeimg.com/640/480/cats,http://placeimg.com/640/480/cats,http://placeimg.com/640/480/cats,http://placeimg.com/640/480/cats,http://placeimg.com/640/480/cats,http://placeimg.com/640/480/cats}",85
"{http://placeimg.com/640/480/cats,http://placeimg.com/640/480/cats,http://placeimg.com/640/480/cats,http://placeimg.com/640/480/cats,http://placeimg.com/640/480/cats,http://placeimg.com/640/480/cats,http://placeimg.com/640/480/cats,http://placeimg.com/640/480/cats,http://placeimg.com/640/480/cats,http://placeimg.com/640/480/cats}",86
"{http://placeimg.com/640/480/cats,http://placeimg.com/640/480/cats,http://placeimg.com/640/480/cats,http://placeimg.com/640/480/cats,http://placeimg.com/640/480/cats,http://placeimg.com/640/480/cats,http://placeimg.com/640/480/cats,http://placeimg.com/640/480/cats,http://placeimg.com/640/480/cats,http://placeimg.com/640/480/cats}",87
"{http://placeimg.com/640/480/cats,http://placeimg.com/640/480/cats,http://placeimg.com/640/480/cats,http://placeimg.com/640/480/cats,http://placeimg.com/640/480/cats,http://placeimg.com/640/480/cats,http://placeimg.com/640/480/cats,http://placeimg.com/640/480/cats,http://placeimg.com/640/480/cats,http://placeimg.com/640/480/cats}",88
"{http://placeimg.com/640/480/cats,http://placeimg.com/640/480/cats,http://placeimg.com/640/480/cats,http://placeimg.com/640/480/cats,http://placeimg.com/640/480/cats,http://placeimg.com/640/480/cats,http://placeimg.com/640/480/cats,http://placeimg.com/640/480/cats,http://placeimg.com/640/480/cats,http://placeimg.com/640/480/cats}",89
"{http://placeimg.com/640/480/cats,http://placeimg.com/640/480/cats,http://placeimg.com/640/480/cats,http://placeimg.com/640/480/cats,http://placeimg.com/640/480/cats,http://placeimg.com/640/480/cats,http://placeimg.com/640/480/cats,http://placeimg.com/640/480/cats,http://placeimg.com/640/480/cats,http://placeimg.com/640/480/cats}",90
"{http://placeimg.com/640/480/cats,http://placeimg.com/640/480/cats,http://placeimg.com/640/480/cats,http://placeimg.com/640/480/cats,http://placeimg.com/640/480/cats,http://placeimg.com/640/480/cats,http://placeimg.com/640/480/cats,http://placeimg.com/640/480/cats,http://placeimg.com/640/480/cats,http://placeimg.com/640/480/cats}",91
"{http://placeimg.com/640/480/cats,http://placeimg.com/640/480/cats,http://placeimg.com/640/480/cats,http://placeimg.com/640/480/cats,http://placeimg.com/640/480/cats,http://placeimg.com/640/480/cats,http://placeimg.com/640/480/cats,http://placeimg.com/640/480/cats,http://placeimg.com/640/480/cats,http://placeimg.com/640/480/cats}",92
"{http://placeimg.com/640/480/cats,http://placeimg.com/640/480/cats,http://placeimg.com/640/480/cats,http://placeimg.com/640/480/cats,http://placeimg.com/640/480/cats,http://placeimg.com/640/480/cats,http://placeimg.com/640/480/cats,http://placeimg.com/640/480/cats,http://placeimg.com/640/480/cats,http://placeimg.com/640/480/cats}",93
"{http://placeimg.com/640/480/cats,http://placeimg.com/640/480/cats,http://placeimg.com/640/480/cats,http://placeimg.com/640/480/cats,http://placeimg.com/640/480/cats,http://placeimg.com/640/480/cats,http://placeimg.com/640/480/cats,http://placeimg.com/640/480/cats,http://placeimg.com/640/480/cats,http://placeimg.com/640/480/cats}",94
"{http://placeimg.com/640/480/cats,http://placeimg.com/640/480/cats,http://placeimg.com/640/480/cats,http://placeimg.com/640/480/cats,http://placeimg.com/640/480/cats,http://placeimg.com/640/480/cats,http://placeimg.com/640/480/cats,http://placeimg.com/640/480/cats,http://placeimg.com/640/480/cats,http://placeimg.com/640/480/cats}",95
"{http://placeimg.com/640/480/cats,http://placeimg.com/640/480/cats,http://placeimg.com/640/480/cats,http://placeimg.com/640/480/cats,http://placeimg.com/640/480/cats,http://placeimg.com/640/480/cats,http://placeimg.com/640/480/cats,http://placeimg.com/640/480/cats,http://placeimg.com/640/480/cats,http://placeimg.com/640/480/cats}",96
"{http://placeimg.com/640/480/cats,http://placeimg.com/640/480/cats,http://placeimg.com/640/480/cats,http://placeimg.com/640/480/cats,http://placeimg.com/640/480/cats,http://placeimg.com/640/480/cats,http://placeimg.com/640/480/cats,http://placeimg.com/640/480/cats,http://placeimg.com/640/480/cats,http://placeimg.com/640/480/cats}",97
"{http://placeimg.com/640/480/cats,http://placeimg.com/640/480/cats,http://placeimg.com/640/480/cats,http://placeimg.com/640/480/cats,http://placeimg.com/640/480/cats,http://placeimg.com/640/480/cats,http://placeimg.com/640/480/cats,http://placeimg.com/640/480/cats,http://placeimg.com/640/480/cats,http://placeimg.com/640/480/cats}",98
"{http://placeimg.com/640/480/cats,http://placeimg.com/640/480/cats,http://placeimg.com/640/480/cats,http://placeimg.com/640/480/cats,http://placeimg.com/640/480/cats,http://placeimg.com/640/480/cats,http://placeimg.com/640/480/cats,http://placeimg.com/640/480/cats,http://placeimg.com/640/480/cats,http://placeimg.com/640/480/cats}",99
